{
    "n_episodes": 64,
    "success_rate": 0.015625,
    "mean_momentary_success": 0.015625,
    "transient_success_rate": 0.015625,
    "return": 166.18866517512987,
    "max_reward": 0.236671620741771
}